freq,voltage,phase
1.00000000000000e+04,-3.89973652855056e-02,-5.24024626510752e+00
1.00230523807790e+04,-3.91431760776257e-02,-5.25227177456047e+00
1.00461579027840e+04,-3.92896550260701e-02,-5.26432463006390e+00
1.00693166885180e+04,-3.94368051701198e-02,-5.27640489207869e+00
1.00925288607668e+04,-3.95846295626803e-02,-5.28851262118756e+00
1.01157945425990e+04,-3.97331312703455e-02,-5.30064787809515e+00
