freq,voltage,phase
1.00000000000000e+02,-6.21002268000204e-01,-2.14086937405093e+01
1.00173004138274e+02,-6.23005701003000e-01,-2.14423715013582e+01
1.00346307580866e+02,-6.25015143470430e-01,-2.14760919437100e+01
1.00519910845586e+02,-6.27030610635989e-01,-2.15098550748786e+01
1.00693814451138e+02,-6.29052117755029e-01,-2.15436609019503e+01
1.00868018917124e+02,-6.31079680104674e-01,-2.15775094317828e+01
1.01042524764045e+02,-6.33113312983780e-01,-2.16114006710041e+01


